K,Kv1,"Kv1,1",15,2144
K,Kv1,"Kv1,1",15,2146
K,Kv1,"Kv1,1",15,2148
K,Kv1,"Kv1,1",15,2153
K,Kv1,"Kv1,1",15,2160
K,Kv1,"Kv1,1",15,2165
K,Kv1,"Kv1,1",15,8010
K,Kv1,"Kv1,1",15,8011
K,Kv1,"Kv1,1",15,8019
K,Kv1,"Kv1,1",15,8021
K,Kv1,"Kv1,1",15,8023
K,Kv1,"Kv1,1",15,9386
K,Kv1,"Kv1,1",15,9394
K,Kv1,"Kv1,1",15,9395
K,Kv1,"Kv1,1",15,9398
K,Kv1,"Kv1,1",15,9403
K,Kv1,"Kv1,1",15,9406
K,Kv1,"Kv1,1",15,9409
K,Kv1,"Kv1,1",15,9411
K,Kv1,"Kv1,1",15,9412
K,Kv1,"Kv1,1",15,9413
K,Kv1,"Kv1,1",15,9414
K,Kv1,"Kv1,1",25,11990
K,Kv1,"Kv1,1",25,11991
K,Kv1,"Kv1,1",25,11993
K,Kv1,"Kv1,1",25,11995
K,Kv1,"Kv1,1",25,11998
K,Kv1,"Kv1,1",25,12002
K,Kv1,"Kv1,1",25,12008
K,Kv1,"Kv1,1",25,12012
K,Kv1,"Kv1,1",25,12014
K,Kv1,"Kv1,1",25,12016
K,Kv1,"Kv1,1",25,12024
K,Kv1,"Kv1,1",25,12025
K,Kv1,"Kv1,1",25,2268
K,Kv1,"Kv1,1",25,8084
K,Kv1,"Kv1,1",25,8097
K,Kv1,"Kv1,1",25,8105
K,Kv1,"Kv1,1",25,8106
K,Kv1,"Kv1,1",25,9421
K,Kv1,"Kv1,1",25,9427
K,Kv1,"Kv1,1",25,9429
K,Kv1,"Kv1,1",25,9430
K,Kv1,"Kv1,1",25,9431
K,Kv1,"Kv1,1",25,9432
K,Kv1,"Kv1,1",25,9433
K,Kv1,"Kv1,1",25,9434
K,Kv1,"Kv1,1",25,9435
K,Kv1,"Kv1,1",25,9437
K,Kv1,"Kv1,1",25,9438
K,Kv1,"Kv1,1",25,9439
K,Kv1,"Kv1,1",25,9444
K,Kv1,"Kv1,1",25,9445
K,Kv1,"Kv1,1",25,9448
K,Kv1,"Kv1,1",25,9449
K,Kv1,"Kv1,1",25,12029
K,Kv1,"Kv1,1",25,21757
K,Kv1,"Kv1,1",25,21758
K,Kv1,"Kv1,1",25,21786
K,Kv1,"Kv1,1",25,21788
K,Kv1,"Kv1,1",25,21792
K,Kv1,"Kv1,1",25,21793
K,Kv1,"Kv1,1",25,21796
K,Kv1,"Kv1,1",25,21797
K,Kv1,"Kv1,1",25,21801
K,Kv1,"Kv1,1",25,21805
K,Kv1,"Kv1,1",25,21807
K,Kv1,"Kv1,1",25,21808
K,Kv1,"Kv1,1",25,22261
K,Kv1,"Kv1,1",25,22262
K,Kv1,"Kv1,1",25,22263
K,Kv1,"Kv1,1",25,22273
K,Kv1,"Kv1,1",25,22274
K,Kv1,"Kv1,1",25,22276
K,Kv1,"Kv1,1",25,22277
K,Kv1,"Kv1,1",25,22280
K,Kv1,"Kv1,1",25,22281
K,Kv1,"Kv1,1",25,29308
K,Kv1,"Kv1,1",25,29309
K,Kv1,"Kv1,1",25,29313
K,Kv1,"Kv1,1",25,29314
K,Kv1,"Kv1,1",25,29317
K,Kv1,"Kv1,1",25,29319
K,Kv1,"Kv1,1",25,29320
K,Kv1,"Kv1,1",25,29321
K,Kv1,"Kv1,1",25,29322
K,Kv1,"Kv1,1",25,29327
K,Kv1,"Kv1,1",25,29391
K,Kv1,"Kv1,1",25,29394
K,Kv1,"Kv1,1",25,29398
K,Kv1,"Kv1,1",25,29399
K,Kv1,"Kv1,1",25,29401
K,Kv1,"Kv1,1",25,29403
K,Kv1,"Kv1,1",25,29404
K,Kv1,"Kv1,1",25,29406
K,Kv1,"Kv1,1",25,29408
K,Kv1,"Kv1,1",25,29409
K,Kv1,"Kv1,1",25,29413
K,Kv1,"Kv1,1",25,36721
K,Kv1,"Kv1,1",25,36722
K,Kv1,"Kv1,1",25,36723
K,Kv1,"Kv1,1",25,36725
K,Kv1,"Kv1,1",25,36733
K,Kv1,"Kv1,1",25,44390
K,Kv1,"Kv1,1",25,44392
K,Kv1,"Kv1,1",35,10055
K,Kv1,"Kv1,1",35,10059
K,Kv1,"Kv1,1",35,10070
K,Kv1,"Kv1,1",35,10071
K,Kv1,"Kv1,1",35,10073
K,Kv1,"Kv1,1",35,10075
K,Kv1,"Kv1,1",35,10076
K,Kv1,"Kv1,1",35,10079
K,Kv1,"Kv1,1",35,10085
K,Kv1,"Kv1,1",35,10086
K,Kv1,"Kv1,1",35,10088
K,Kv1,"Kv1,1",35,10091
K,Kv1,"Kv1,1",35,10092
K,Kv1,"Kv1,1",35,10095
K,Kv1,"Kv1,1",35,10099
K,Kv1,"Kv1,1",35,2233
K,Kv1,"Kv1,1",35,2237
K,Kv1,"Kv1,1",35,2242
K,Kv1,"Kv1,1",35,2246
K,Kv1,"Kv1,1",35,2249
K,Kv1,"Kv1,1",35,2250
K,Kv1,"Kv1,1",35,2255
K,Kv1,"Kv1,1",35,2256
K,Kv1,"Kv1,1",35,2259
K,Kv1,"Kv1,1",35,29421
K,Kv1,"Kv1,1",35,29422
K,Kv1,"Kv1,1",35,29424
K,Kv1,"Kv1,1",35,29425
K,Kv1,"Kv1,1",35,29427
K,Kv1,"Kv1,1",35,29428
K,Kv1,"Kv1,1",35,44395
K,Kv1,"Kv1,1",35,8127
